Mes,Dia,Ano,Hora,Minutos,Dia da semana,city_name,road_num,road_name,current_speed,free_flow_speed,speed_diff,current_travel_time,free_flow_travel_time,time_diff,elimina
7,25,2018,23,0,4,missing,,N14 Bosch,47,47,0,48,48,0,1
7,25,2018,23,0,4,missing,,Avenida Padre Júlio Fragata,67,67,0,83,83,0,1
7,25,2018,23,0,4,missing,,Rua Nova Santa Cruz,41,43,2,42,39,3,1
7,25,2018,23,0,4,missing,,Rua Costa Gomes,20,40,20,20,42,-21,1
7,25,2018,23,0,4,missing,,Avenida da Liberdade,24,25,0,128,124,4,1
7,25,2018,23,0,4,missing,,Rua de Caires,35,36,1,38,36,1,1
7,25,2018,23,0,4,missing,,Avenida Central,24,25,0,128,124,4,1
7,25,2018,23,0,4,missing,,Avenida João Paulo II,39,39,0,9,9,0,1
7,26,2018,23,0,5,missing,,N14 Bosch,42,47,4,77,48,29,2
7,26,2018,23,0,5,missing,,Avenida Padre Júlio Fragata,65,67,1,86,83,3,2
7,26,2018,23,0,5,missing,,Rua Nova Santa Cruz,43,43,0,39,39,0,2
7,26,2018,23,0,5,missing,,Rua Costa Gomes,20,40,20,20,42,-21,2
7,26,2018,23,0,5,missing,,Avenida da Liberdade,25,25,0,124,124,0,2
7,26,2018,23,0,5,missing,,Rua de Caires,36,36,0,36,36,0,2
7,26,2018,23,0,5,missing,,Avenida Central,25,25,0,124,124,0,2
7,26,2018,23,0,5,missing,,Avenida João Paulo II,39,39,0,9,9,0,2
7,27,2018,11,0,6,missing,,N14 Bosch,29,47,17,82,48,34,3
7,27,2018,11,0,6,missing,,Avenida Padre Júlio Fragata,67,67,0,83,83,0,3
7,27,2018,11,0,6,missing,,Rua Nova Santa Cruz,37,43,5,48,39,8,3
7,27,2018,11,0,6,missing,,Rua Costa Gomes,16,40,24,27,42,-15,3
7,27,2018,11,0,6,missing,,Avenida da Liberdade,19,25,5,179,124,55,3
7,27,2018,11,0,6,missing,,Rua de Caires,25,36,10,54,36,17,3
7,27,2018,11,0,6,missing,,Avenida Central,19,25,5,179,124,55,3
7,27,2018,11,0,6,missing,,Avenida João Paulo II,35,39,3,10,9,1,3
7,27,2018,12,0,6,missing,,N14 Bosch,39,47,7,64,48,16,4
7,27,2018,12,0,6,missing,,Avenida Padre Júlio Fragata,67,67,0,83,83,0,4
7,27,2018,12,0,6,missing,,Rua Nova Santa Cruz,36,43,6,62,39,23,4
7,27,2018,12,0,6,missing,,Rua Costa Gomes,14,40,26,30,42,-12,4
7,27,2018,12,0,6,missing,,Avenida da Liberdade,20,25,4,158,124,34,4
7,27,2018,12,0,6,missing,,Rua de Caires,33,36,2,40,36,3,4
7,27,2018,12,0,6,missing,,Avenida Central,20,25,4,158,124,34,4
7,27,2018,12,0,6,missing,,Avenida João Paulo II,34,39,4,10,9,1,4
7,27,2018,13,0,6,missing,,N14 Bosch,27,47,19,140,48,92,5
7,27,2018,13,0,6,missing,,Avenida Padre Júlio Fragata,67,67,0,83,83,0,5
7,27,2018,13,0,6,missing,,Rua Nova Santa Cruz,32,43,10,88,39,49,5
7,27,2018,13,0,6,missing,,Rua Costa Gomes,17,40,23,24,42,-17,5
7,27,2018,13,0,6,missing,,Avenida da Liberdade,23,25,1,134,124,10,5
7,27,2018,13,0,6,missing,,Rua de Caires,29,36,6,46,36,10,5
7,27,2018,13,0,6,missing,,Avenida Central,23,25,1,134,124,10,5
7,27,2018,13,0,6,missing,,Avenida João Paulo II,37,39,1,9,9,0,5
7,27,2018,14,0,6,missing,,N14 Bosch,28,47,18,94,48,46,6
7,27,2018,14,0,6,missing,,Avenida Padre Júlio Fragata,63,67,3,89,83,6,6
7,27,2018,14,0,6,missing,,Rua Nova Santa Cruz,39,43,4,45,39,6,6
7,27,2018,14,0,6,missing,,Rua Costa Gomes,15,40,24,27,42,-14,6
7,27,2018,14,0,6,missing,,Avenida da Liberdade,21,25,3,154,124,30,6
7,27,2018,14,0,6,missing,,Rua de Caires,30,36,5,45,36,8,6
7,27,2018,14,0,6,missing,,Avenida Central,21,25,3,154,124,30,6
7,27,2018,14,0,6,missing,,Avenida João Paulo II,36,39,3,10,9,1,6
7,27,2018,15,0,6,missing,,N14 Bosch,41,47,5,55,48,7,7
7,27,2018,15,0,6,missing,,Avenida Padre Júlio Fragata,54,67,12,118,83,35,7
7,27,2018,15,0,6,missing,,Rua Nova Santa Cruz,38,43,5,48,39,9,7
7,27,2018,15,0,6,missing,,Rua Costa Gomes,15,40,25,28,42,-14,7
7,27,2018,15,0,6,missing,,Avenida da Liberdade,19,25,5,163,124,39,7
7,27,2018,15,0,6,missing,,Rua de Caires,28,36,7,53,36,16,7
7,27,2018,15,0,6,missing,,Avenida Central,19,25,5,163,124,39,7
7,27,2018,15,0,6,missing,,Avenida João Paulo II,31,39,7,12,9,3,7
7,27,2018,16,0,6,missing,,N14 Bosch,23,47,23,110,48,62,8
7,27,2018,16,0,6,missing,,Avenida Padre Júlio Fragata,51,67,15,114,83,31,8
7,27,2018,16,0,6,missing,,Rua Nova Santa Cruz,35,43,8,56,39,17,8
7,27,2018,16,0,6,missing,,Rua Costa Gomes,15,40,25,28,42,-14,8
7,27,2018,16,0,6,missing,,Avenida da Liberdade,15,25,9,227,124,103,8
7,27,2018,16,0,6,missing,,Rua de Caires,26,36,9,51,36,14,8
7,27,2018,16,0,6,missing,,Avenida Central,15,25,9,227,124,103,8
7,27,2018,16,0,6,missing,,Avenida João Paulo II,34,39,4,10,9,1,8
7,27,2018,17,0,6,missing,,N14 Bosch,19,47,27,124,48,76,9
7,27,2018,17,0,6,missing,,Avenida Padre Júlio Fragata,44,67,22,142,83,59,9
7,27,2018,17,0,6,missing,,Rua Nova Santa Cruz,35,43,8,63,39,24,9
7,27,2018,17,0,6,missing,,Rua Costa Gomes,11,40,29,39,42,-2,9
7,27,2018,17,0,6,missing,,Avenida da Liberdade,15,25,9,251,124,127,9
7,27,2018,17,0,6,missing,,Rua de Caires,22,36,13,79,36,42,9
7,27,2018,17,0,6,missing,,Avenida Central,15,25,9,251,124,127,9
7,27,2018,17,0,6,missing,,Avenida João Paulo II,30,39,9,14,9,5,9
7,27,2018,18,0,6,missing,,N14 Bosch,23,47,23,122,48,74,10
7,27,2018,18,0,6,missing,,Avenida Padre Júlio Fragata,30,67,36,285,83,202,10
7,27,2018,18,0,6,missing,,Rua Nova Santa Cruz,38,43,5,52,39,13,10
7,27,2018,18,0,6,missing,,Rua Costa Gomes,8,40,32,65,42,22,10
7,27,2018,18,0,6,missing,,Avenida da Liberdade,18,25,6,184,124,60,10
7,27,2018,18,0,6,missing,,Rua de Caires,27,36,8,50,36,14,10
7,27,2018,18,0,6,missing,,Avenida Central,18,25,6,184,124,60,10
7,27,2018,18,0,6,missing,,Avenida João Paulo II,23,39,15,25,9,16,10
7,27,2018,19,0,6,missing,,N14 Bosch,29,47,18,91,48,43,11
7,27,2018,19,0,6,missing,,Avenida Padre Júlio Fragata,31,67,35,209,83,126,11
7,27,2018,19,0,6,missing,,Rua Nova Santa Cruz,40,43,3,47,39,7,11
7,27,2018,19,0,6,missing,,Rua Costa Gomes,9,40,31,36,42,-6,11
7,27,2018,19,0,6,missing,,Avenida da Liberdade,23,25,1,136,124,12,11
7,27,2018,19,0,6,missing,,Rua de Caires,30,36,5,45,36,8,11
7,27,2018,19,0,6,missing,,Avenida Central,23,25,1,136,124,12,11
7,27,2018,19,0,6,missing,,Avenida João Paulo II,34,39,4,10,9,1,11
7,27,2018,20,0,6,missing,,N14 Bosch,43,47,4,54,48,6,12
7,27,2018,20,0,6,missing,,Avenida Padre Júlio Fragata,67,67,0,83,83,0,12
7,27,2018,20,0,6,missing,,Rua Nova Santa Cruz,43,43,0,39,39,0,12
7,27,2018,20,0,6,missing,,Rua Costa Gomes,13,40,27,17,42,-24,12
7,27,2018,20,0,6,missing,,Avenida da Liberdade,24,25,0,128,124,4,12
7,27,2018,20,0,6,missing,,Rua de Caires,31,36,4,45,36,8,12
7,27,2018,20,0,6,missing,,Avenida Central,24,25,0,130,124,6,12
7,27,2018,20,0,6,missing,,Avenida João Paulo II,35,39,3,10,9,1,12
7,27,2018,21,0,6,missing,,N14 Bosch,47,47,0,48,48,0,13
7,27,2018,21,0,6,missing,,Avenida Padre Júlio Fragata,65,67,1,85,83,2,13
7,27,2018,21,0,6,missing,,Rua Nova Santa Cruz,43,43,0,39,39,0,13
7,27,2018,21,0,6,missing,,Rua Costa Gomes,15,40,25,15,42,-26,13
7,27,2018,21,0,6,missing,,Avenida da Liberdade,23,25,1,134,124,10,13
7,27,2018,21,0,6,missing,,Rua de Caires,31,36,4,43,36,6,13
7,27,2018,21,0,6,missing,,Avenida Central,23,25,1,134,124,10,13
7,27,2018,21,0,6,missing,,Avenida João Paulo II,37,39,1,9,9,0,13
7,27,2018,22,0,6,missing,,N14 Bosch,43,47,3,58,48,10,14
7,27,2018,22,0,6,missing,,Avenida Padre Júlio Fragata,67,67,0,83,83,0,14
7,27,2018,22,0,6,missing,,Rua Nova Santa Cruz,41,43,2,43,39,3,14
7,27,2018,22,0,6,missing,,Rua Costa Gomes,15,40,25,15,42,-26,14
7,27,2018,22,0,6,missing,,Avenida da Liberdade,25,25,0,124,124,0,14
7,27,2018,22,0,6,missing,,Rua de Caires,33,36,2,42,36,5,14
7,27,2018,22,0,6,missing,,Avenida Central,25,25,0,124,124,0,14
7,27,2018,22,0,6,missing,,Avenida João Paulo II,39,39,0,9,9,0,14
7,27,2018,23,0,6,missing,,N14 Bosch,47,47,0,48,48,0,15
7,27,2018,23,0,6,missing,,Avenida Padre Júlio Fragata,67,67,0,83,83,0,15
7,27,2018,23,0,6,missing,,Rua Nova Santa Cruz,39,43,3,44,39,5,15
7,27,2018,23,0,6,missing,,Rua Costa Gomes,15,40,25,15,42,-26,15
7,27,2018,23,0,6,missing,,Avenida da Liberdade,24,25,0,128,124,4,15
7,27,2018,23,0,6,missing,,Rua de Caires,34,36,2,39,36,2,15
7,27,2018,23,0,6,missing,,Avenida Central,24,25,0,128,124,4,15
7,27,2018,23,0,6,missing,,Avenida João Paulo II,39,39,0,9,9,0,15
8,2,2018,6,0,5,missing,,N14 Bosch,47,47,0,48,48,0,122
8,2,2018,6,0,5,missing,,Avenida Padre Júlio Fragata,67,67,0,83,83,0,122
8,2,2018,6,0,5,missing,,Rua Nova Santa Cruz,43,43,0,39,39,0,122
8,2,2018,6,0,5,missing,,Rua Costa Gomes,15,40,25,15,42,-26,122
8,2,2018,6,0,5,missing,,Avenida da Liberdade,25,25,0,124,124,0,122
8,2,2018,6,0,5,missing,,Rua de Caires,36,36,0,36,36,0,122
8,2,2018,6,0,5,missing,,Avenida Central,25,25,0,124,124,0,122
8,2,2018,6,0,5,missing,,Avenida João Paulo II,37,39,1,9,9,0,122
8,2,2018,8,0,5,missing,,N14 Bosch,32,47,14,75,48,27,123
8,2,2018,8,0,5,missing,,Avenida Padre Júlio Fragata,54,67,12,108,83,25,123
8,2,2018,8,0,5,missing,,Rua Nova Santa Cruz,26,43,17,84,39,44,123
8,2,2018,8,0,5,missing,,Rua Costa Gomes,14,40,26,16,42,-25,123
8,2,2018,8,0,5,missing,,Avenida da Liberdade,20,25,4,155,124,31,123
8,2,2018,8,0,5,missing,,Rua de Caires,27,36,9,51,36,14,123
8,2,2018,8,0,5,missing,,Avenida Central,20,25,4,156,124,32,123
8,2,2018,8,0,5,missing,,Avenida João Paulo II,33,39,5,11,9,2,123
8,2,2018,9,0,5,missing,,N14 Bosch,33,47,13,72,48,24,124
8,2,2018,9,0,5,missing,,Avenida Padre Júlio Fragata,67,67,0,83,83,0,124
8,2,2018,9,0,5,missing,,Rua Nova Santa Cruz,38,43,5,52,39,12,124
8,2,2018,9,0,5,missing,,Rua Costa Gomes,19,40,21,22,42,-19,124
8,2,2018,9,0,5,missing,,Avenida da Liberdade,23,25,1,136,124,12,124
8,2,2018,9,0,5,missing,,Rua de Caires,24,36,12,69,36,33,124
8,2,2018,9,0,5,missing,,Avenida Central,23,25,1,136,124,12,124
8,2,2018,9,0,5,missing,,Avenida João Paulo II,39,39,0,9,9,0,124
8,6,2018,14,0,2,missing,,N14 Bosch,27,47,19,93,48,45,125
8,6,2018,14,0,2,missing,,Avenida Padre Júlio Fragata,63,67,3,92,83,9,125
8,6,2018,14,0,2,missing,,Rua Nova Santa Cruz,38,43,5,47,39,8,125
8,6,2018,14,0,2,missing,,Rua Costa Gomes,7,40,33,14,42,-27,125
8,6,2018,14,0,2,missing,,Avenida da Liberdade,21,25,3,150,124,26,125
8,6,2018,14,0,2,missing,,Rua de Caires,28,36,7,51,36,14,125
8,6,2018,14,0,2,missing,,Avenida Central,21,25,3,150,124,26,125
8,6,2018,14,0,2,missing,,Avenida João Paulo II,34,39,4,12,9,3,125
8,8,2018,7,0,4,missing,,N14 Bosch,42,47,4,55,48,7,126
8,8,2018,7,0,4,missing,,Avenida Padre Júlio Fragata,67,67,0,83,83,0,126
8,8,2018,7,0,4,missing,,Rua Nova Santa Cruz,42,43,1,41,39,2,126
8,8,2018,7,0,4,missing,,Rua Costa Gomes,15,40,25,15,42,-26,126
8,8,2018,7,0,4,missing,,Avenida da Liberdade,25,25,0,124,124,0,126
8,8,2018,7,0,4,missing,,Rua de Caires,28,36,7,53,36,16,126
8,8,2018,7,0,4,missing,,Avenida Central,25,25,0,124,124,0,126
8,8,2018,7,0,4,missing,,Avenida João Paulo II,39,39,0,9,9,0,126
8,8,2018,15,0,4,missing,,N14 Bosch,31,47,15,77,48,29,127
8,8,2018,15,0,4,missing,,Avenida Padre Júlio Fragata,58,67,8,122,83,39,127
8,8,2018,15,0,4,missing,,Rua Nova Santa Cruz,37,43,6,48,39,9,127
8,8,2018,15,0,4,missing,,Rua Costa Gomes,16,40,24,27,42,-15,127
8,8,2018,15,0,4,missing,,Avenida da Liberdade,19,25,6,171,124,47,127
8,8,2018,15,0,4,missing,,Rua de Caires,30,36,6,46,36,9,127
8,8,2018,15,0,4,missing,,Avenida Central,19,25,6,171,124,47,127
8,8,2018,15,0,4,missing,,Avenida João Paulo II,33,39,5,14,9,5,127
8,9,2018,6,0,5,missing,,N14 Bosch,47,47,0,48,48,0,128
8,9,2018,6,0,5,missing,,Avenida Padre Júlio Fragata,67,67,0,83,83,0,128
8,9,2018,6,0,5,missing,,Rua Nova Santa Cruz,43,43,0,39,39,0,128
8,9,2018,6,0,5,missing,,Rua Costa Gomes,15,40,25,15,42,-26,128
8,9,2018,6,0,5,missing,,Avenida da Liberdade,25,25,0,124,124,0,128
8,9,2018,6,0,5,missing,,Rua de Caires,36,36,0,36,36,0,128
8,9,2018,6,0,5,missing,,Avenida Central,25,25,0,124,124,0,128
8,9,2018,6,0,5,missing,,Avenida João Paulo II,37,39,1,9,9,0,128
8,9,2018,8,0,5,missing,,N14 Bosch,32,47,14,75,48,27,129
8,9,2018,8,0,5,missing,,Avenida Padre Júlio Fragata,54,67,12,108,83,25,129
8,9,2018,8,0,5,missing,,Rua Nova Santa Cruz,26,43,17,84,39,44,129
8,9,2018,8,0,5,missing,,Rua Costa Gomes,14,40,26,16,42,-25,129
8,9,2018,8,0,5,missing,,Avenida da Liberdade,20,25,4,155,124,31,129
8,9,2018,8,0,5,missing,,Rua de Caires,27,36,9,51,36,14,129
8,9,2018,8,0,5,missing,,Avenida Central,20,25,4,156,124,32,129
8,9,2018,8,0,5,missing,,Avenida João Paulo II,33,39,5,11,9,2,129
8,11,2018,10,0,7,missing,,N14 Bosch,39,47,7,58,48,10,130
8,11,2018,10,0,7,missing,,Avenida Padre Júlio Fragata,67,67,0,83,83,0,130
8,11,2018,10,0,7,missing,,Rua Nova Santa Cruz,43,43,0,39,39,0,130
8,11,2018,10,0,7,missing,,Rua Costa Gomes,8,40,32,11,42,-30,130
8,11,2018,10,0,7,missing,,Avenida da Liberdade,23,25,1,136,124,12,130
8,11,2018,10,0,7,missing,,Rua de Caires,29,36,6,47,36,10,130
8,11,2018,10,0,7,missing,,Avenida Central,23,25,1,136,124,12,130
8,11,2018,10,0,7,missing,,Avenida João Paulo II,36,39,2,9,9,0,130
8,11,2018,11,0,7,missing,,N14 Bosch,39,47,8,63,48,15,131
8,11,2018,11,0,7,missing,,Avenida Padre Júlio Fragata,67,67,0,83,83,0,131
8,11,2018,11,0,7,missing,,Rua Nova Santa Cruz,41,43,2,42,39,3,131
8,11,2018,11,0,7,missing,,Rua Costa Gomes,8,40,32,12,42,-29,131
8,11,2018,11,0,7,missing,,Avenida da Liberdade,23,25,1,134,124,10,131
8,11,2018,11,0,7,missing,,Rua de Caires,26,36,9,55,36,18,131
8,11,2018,11,0,7,missing,,Avenida Central,22,25,2,140,124,16,131
8,11,2018,11,0,7,missing,,Avenida João Paulo II,35,39,3,10,9,1,131
8,11,2018,14,0,7,missing,,N14 Bosch,44,47,2,53,48,5,132
8,11,2018,14,0,7,missing,,Avenida Padre Júlio Fragata,65,67,1,85,83,2,132
8,11,2018,14,0,7,missing,,Rua Nova Santa Cruz,43,43,0,39,39,0,132
8,11,2018,14,0,7,missing,,Rua Costa Gomes,8,40,32,12,42,-29,132
8,11,2018,14,0,7,missing,,Avenida da Liberdade,22,25,2,139,124,15,132
8,11,2018,14,0,7,missing,,Rua de Caires,30,36,5,44,36,8,132
8,11,2018,14,0,7,missing,,Avenida Central,22,25,2,140,124,16,132
8,11,2018,14,0,7,missing,,Avenida João Paulo II,36,39,2,9,9,0,132
8,11,2018,17,0,7,missing,,N14 Bosch,47,47,0,48,48,0,133
8,11,2018,17,0,7,missing,,Avenida Padre Júlio Fragata,64,67,2,86,83,3,133
8,11,2018,17,0,7,missing,,Rua Nova Santa Cruz,42,43,1,40,39,1,133
8,11,2018,17,0,7,missing,,Rua Costa Gomes,7,40,33,13,42,-28,133
8,11,2018,17,0,7,missing,,Avenida da Liberdade,22,25,2,142,124,18,133
8,11,2018,17,0,7,missing,,Rua de Caires,29,36,7,51,36,14,133
8,11,2018,17,0,7,missing,,Avenida Central,22,25,2,142,124,18,133
8,11,2018,17,0,7,missing,,Avenida João Paulo II,36,39,2,9,9,0,133
8,11,2018,18,0,7,missing,,N14 Bosch,44,47,2,51,48,3,134
8,11,2018,18,0,7,missing,,Avenida Padre Júlio Fragata,59,67,7,99,83,16,134
8,11,2018,18,0,7,missing,,Rua Nova Santa Cruz,43,43,0,39,39,0,134
8,11,2018,18,0,7,missing,,Rua Costa Gomes,10,40,30,9,42,-32,134
8,11,2018,18,0,7,missing,,Avenida da Liberdade,24,25,0,128,124,4,134
8,11,2018,18,0,7,missing,,Rua de Caires,34,36,1,39,36,2,134
8,11,2018,18,0,7,missing,,Avenida Central,24,25,0,128,124,4,134
8,11,2018,18,0,7,missing,,Avenida João Paulo II,38,39,1,9,9,0,134
8,11,2018,20,0,7,missing,,N14 Bosch,41,47,5,57,48,9,135
8,11,2018,20,0,7,missing,,Avenida Padre Júlio Fragata,65,67,2,86,83,3,135
8,11,2018,20,0,7,missing,,Rua Nova Santa Cruz,43,43,0,39,39,0,135
8,11,2018,20,0,7,missing,,Rua Costa Gomes,10,40,30,9,42,-32,135
8,11,2018,20,0,7,missing,,Avenida da Liberdade,24,25,0,128,124,4,135
8,11,2018,20,0,7,missing,,Rua de Caires,31,36,4,44,36,7,135
8,11,2018,20,0,7,missing,,Avenida Central,24,25,0,128,124,4,135
8,11,2018,20,0,7,missing,,Avenida João Paulo II,39,39,0,9,9,0,135
8,21,2018,9,0,3,missing,,N14 Bosch,30,47,16,75,48,27,136
8,21,2018,9,0,3,missing,,Avenida Padre Júlio Fragata,67,67,0,83,83,0,136
8,21,2018,9,0,3,missing,,Rua Nova Santa Cruz,37,43,6,49,39,10,136
8,21,2018,9,0,3,missing,,Rua Costa Gomes,8,40,31,11,42,-30,136
8,21,2018,9,0,3,missing,,Avenida da Liberdade,24,25,0,128,124,4,136
8,21,2018,9,0,3,missing,,Rua de Caires,24,36,12,58,36,21,136
8,21,2018,9,0,3,missing,,Avenida Central,24,25,0,128,124,4,136
8,21,2018,9,0,3,missing,,Avenida João Paulo II,39,39,0,9,9,0,136
8,25,2018,9,0,7,missing,,N14 Bosch,43,47,3,53,48,5,137
8,25,2018,9,0,7,missing,,Avenida Padre Júlio Fragata,62,67,4,97,83,14,137
8,25,2018,9,0,7,missing,,Rua Nova Santa Cruz,41,43,2,42,39,3,137
8,25,2018,9,0,7,missing,,Rua Costa Gomes,13,40,27,19,42,-22,137
8,25,2018,9,0,7,missing,,Avenida da Liberdade,25,25,0,124,124,0,137
8,25,2018,9,0,7,missing,,Rua de Caires,27,36,8,53,36,16,137
8,25,2018,9,0,7,missing,,Avenida Central,25,25,0,124,124,0,137
8,25,2018,9,0,7,missing,,Avenida João Paulo II,36,39,2,9,9,0,137
8,25,2018,10,0,7,missing,,N14 Bosch,39,47,7,58,48,10,138
8,25,2018,10,0,7,missing,,Avenida Padre Júlio Fragata,67,67,0,83,83,0,138
8,25,2018,10,0,7,missing,,Rua Nova Santa Cruz,43,43,0,39,39,0,138
8,25,2018,10,0,7,missing,,Rua Costa Gomes,8,40,32,11,42,-30,138
8,25,2018,10,0,7,missing,,Avenida da Liberdade,23,25,1,136,124,12,138
8,25,2018,10,0,7,missing,,Rua de Caires,29,36,6,47,36,10,138
8,25,2018,10,0,7,missing,,Avenida Central,23,25,1,136,124,12,138
8,25,2018,10,0,7,missing,,Avenida João Paulo II,36,39,2,9,9,0,138
9,1,2018,11,0,7,missing,,N14 Bosch,39,47,8,63,48,15,139
9,1,2018,11,0,7,missing,,Avenida Padre Júlio Fragata,67,67,0,83,83,0,139
9,1,2018,11,0,7,missing,,Rua Nova Santa Cruz,41,43,2,42,39,3,139
9,1,2018,11,0,7,missing,,Rua Costa Gomes,8,40,32,12,42,-29,139
9,1,2018,11,0,7,missing,,Avenida da Liberdade,23,25,1,134,124,10,139
9,1,2018,11,0,7,missing,,Rua de Caires,26,36,9,55,36,18,139
9,1,2018,11,0,7,missing,,Avenida Central,22,25,2,140,124,16,139
9,1,2018,11,0,7,missing,,Avenida João Paulo II,35,39,3,10,9,1,139
9,1,2018,13,0,7,missing,,N14 Bosch,43,47,3,59,48,11,140
9,1,2018,13,0,7,missing,,Avenida Padre Júlio Fragata,67,67,0,83,83,0,140
9,1,2018,13,0,7,missing,,Rua Nova Santa Cruz,43,43,0,39,39,0,140
9,1,2018,13,0,7,missing,,Rua Costa Gomes,14,40,26,17,42,-25,140
9,1,2018,13,0,7,missing,,Avenida da Liberdade,25,25,0,124,124,0,140
9,1,2018,13,0,7,missing,,Rua de Caires,30,36,5,46,36,10,140
9,1,2018,13,0,7,missing,,Avenida Central,25,25,0,124,124,0,140
9,1,2018,13,0,7,missing,,Avenida João Paulo II,37,39,1,9,9,0,140
9,1,2018,14,0,7,missing,,N14 Bosch,44,47,2,53,48,5,141
9,1,2018,14,0,7,missing,,Avenida Padre Júlio Fragata,65,67,1,85,83,2,141
9,1,2018,14,0,7,missing,,Rua Nova Santa Cruz,43,43,0,39,39,0,141
9,1,2018,14,0,7,missing,,Rua Costa Gomes,8,40,32,12,42,-29,141
9,1,2018,14,0,7,missing,,Avenida da Liberdade,22,25,2,139,124,15,141
9,1,2018,14,0,7,missing,,Rua de Caires,30,36,5,44,36,8,141
9,1,2018,14,0,7,missing,,Avenida Central,22,25,2,140,124,16,141
9,1,2018,14,0,7,missing,,Avenida João Paulo II,36,39,2,9,9,0,141
9,2,2018,8,0,8,missing,,N14 Bosch,47,47,0,48,48,0,142
9,2,2018,8,0,8,missing,,Avenida Padre Júlio Fragata,67,67,0,83,83,0,142
9,2,2018,8,0,8,missing,,Rua Nova Santa Cruz,43,43,0,39,39,0,142
9,2,2018,8,0,8,missing,,Rua Costa Gomes,15,40,25,15,42,-26,142
9,2,2018,8,0,8,missing,,Avenida da Liberdade,25,25,0,124,124,0,142
9,2,2018,8,0,8,missing,,Rua de Caires,36,36,0,36,36,0,142
9,2,2018,8,0,8,missing,,Avenida Central,25,25,0,124,124,0,142
9,2,2018,8,0,8,missing,,Avenida João Paulo II,39,39,0,9,9,0,142
9,2,2018,11,0,8,missing,,N14 Bosch,42,47,4,53,48,5,143
9,2,2018,11,0,8,missing,,Avenida Padre Júlio Fragata,67,67,0,83,83,0,143
9,2,2018,11,0,8,missing,,Rua Nova Santa Cruz,43,43,0,39,39,0,143
9,2,2018,11,0,8,missing,,Rua Costa Gomes,15,40,25,15,42,-26,143
9,2,2018,11,0,8,missing,,Avenida da Liberdade,23,25,1,147,124,23,143
9,2,2018,11,0,8,missing,,Rua de Caires,32,36,3,42,36,5,143
9,2,2018,11,0,8,missing,,Avenida Central,23,25,1,147,124,23,143
9,2,2018,11,0,8,missing,,Avenida João Paulo II,35,39,3,10,9,1,143
9,2,2018,15,0,8,missing,,N14 Bosch,38,47,8,65,48,17,144
9,2,2018,15,0,8,missing,,Avenida Padre Júlio Fragata,62,67,4,90,83,7,144
9,2,2018,15,0,8,missing,,Rua Nova Santa Cruz,41,43,2,42,39,2,144
9,2,2018,15,0,8,missing,,Rua Costa Gomes,14,40,26,17,42,-25,144
9,2,2018,15,0,8,missing,,Avenida da Liberdade,23,25,1,132,124,8,144
9,2,2018,15,0,8,missing,,Rua de Caires,34,36,2,39,36,3,144
9,2,2018,15,0,8,missing,,Avenida Central,23,25,1,132,124,8,144
9,2,2018,15,0,8,missing,,Avenida João Paulo II,35,39,4,10,9,1,144
9,2,2018,16,0,8,missing,,N14 Bosch,45,47,1,50,48,2,145
9,2,2018,16,0,8,missing,,Avenida Padre Júlio Fragata,57,67,9,191,83,108,145
9,2,2018,16,0,8,missing,,Rua Nova Santa Cruz,40,43,3,47,39,8,145
9,2,2018,16,0,8,missing,,Rua Costa Gomes,13,40,27,19,42,-23,145
9,2,2018,16,0,8,missing,,Avenida da Liberdade,25,25,0,124,124,0,145
9,2,2018,16,0,8,missing,,Rua de Caires,31,36,4,61,36,24,145
9,2,2018,16,0,8,missing,,Avenida Central,25,25,0,124,124,0,145
9,2,2018,16,0,8,missing,,Avenida João Paulo II,36,39,2,10,9,1,145
9,2,2018,18,0,8,missing,,N14 Bosch,47,47,0,48,48,0,146
9,2,2018,18,0,8,missing,,Avenida Padre Júlio Fragata,49,67,17,118,83,35,146
9,2,2018,18,0,8,missing,,Rua Nova Santa Cruz,43,43,0,39,39,0,146
9,2,2018,18,0,8,missing,,Rua Costa Gomes,15,40,25,15,42,-26,146
9,2,2018,18,0,8,missing,,Avenida da Liberdade,24,25,0,128,124,4,146
9,2,2018,18,0,8,missing,,Rua de Caires,34,36,2,39,36,3,146
9,2,2018,18,0,8,missing,,Avenida Central,24,25,0,128,124,4,146
9,2,2018,18,0,8,missing,,Avenida João Paulo II,32,39,7,11,9,2,146
9,4,2018,4,0,3,missing,,N14 Bosch,47,47,0,48,48,0,147
9,4,2018,4,0,3,missing,,Avenida Padre Júlio Fragata,67,67,0,83,83,0,147
9,4,2018,4,0,3,missing,,Rua Nova Santa Cruz,43,43,0,39,39,0,147
9,4,2018,4,0,3,missing,,Rua Costa Gomes,15,40,25,15,42,-26,147
9,4,2018,4,0,3,missing,,Avenida da Liberdade,25,25,0,124,124,0,147
9,4,2018,4,0,3,missing,,Rua de Caires,36,36,0,36,36,0,147
9,4,2018,4,0,3,missing,,Avenida Central,25,25,0,124,124,0,147
9,4,2018,4,0,3,missing,,Avenida João Paulo II,39,39,0,9,9,0,147
9,11,2018,14,0,3,missing,,N14 Bosch,30,47,16,89,48,41,148
9,11,2018,14,0,3,missing,,Avenida Padre Júlio Fragata,67,67,0,83,83,0,148
9,11,2018,14,0,3,missing,,Rua Nova Santa Cruz,40,43,3,44,39,5,148
9,11,2018,14,0,3,missing,,Rua Costa Gomes,12,40,28,19,42,-23,148
9,11,2018,14,0,3,missing,,Avenida da Liberdade,24,25,0,130,124,6,148
9,11,2018,14,0,3,missing,,Rua de Caires,30,36,5,47,36,10,148
9,11,2018,14,0,3,missing,,Avenida Central,24,25,0,130,124,6,148
9,11,2018,14,0,3,missing,,Avenida João Paulo II,33,39,5,10,9,1,148
9,19,2018,14,0,4,missing,,N14 Bosch,34,47,12,74,48,26,149
9,19,2018,14,0,4,missing,,Avenida Padre Júlio Fragata,67,67,0,83,83,0,149
9,19,2018,14,0,4,missing,,Rua Nova Santa Cruz,37,43,5,46,39,7,149
9,19,2018,14,0,4,missing,,Rua Costa Gomes,22,40,18,30,42,-12,149
9,19,2018,14,0,4,missing,,Avenida da Liberdade,23,25,1,135,124,11,149
9,19,2018,14,0,4,missing,,Rua de Caires,24,36,11,57,36,21,149
9,19,2018,14,0,4,missing,,Avenida Central,23,25,1,135,124,11,149
9,19,2018,14,0,4,missing,,Avenida João Paulo II,35,39,3,10,9,1,149
9,19,2018,15,0,4,missing,,N14 Bosch,31,47,15,77,48,29,150
9,19,2018,15,0,4,missing,,Avenida Padre Júlio Fragata,58,67,8,122,83,39,150
9,19,2018,15,0,4,missing,,Rua Nova Santa Cruz,37,43,6,48,39,9,150
9,19,2018,15,0,4,missing,,Rua Costa Gomes,16,40,24,27,42,-15,150
9,19,2018,15,0,4,missing,,Avenida da Liberdade,19,25,6,171,124,47,150
9,19,2018,15,0,4,missing,,Rua de Caires,30,36,6,46,36,9,150
9,19,2018,15,0,4,missing,,Avenida Central,19,25,6,171,124,47,150
9,19,2018,15,0,4,missing,,Avenida João Paulo II,33,39,5,14,9,5,150
9,19,2018,16,0,4,missing,,N14 Bosch,31,47,15,79,48,31,151
9,19,2018,16,0,4,missing,,Avenida Padre Júlio Fragata,59,67,7,110,83,27,151
9,19,2018,16,0,4,missing,,Rua Nova Santa Cruz,39,43,3,45,39,5,151
9,19,2018,16,0,4,missing,,Rua Costa Gomes,19,40,21,36,42,-6,151
9,19,2018,16,0,4,missing,,Avenida da Liberdade,19,25,5,166,124,42,151
9,19,2018,16,0,4,missing,,Rua de Caires,29,36,7,47,36,11,151
9,19,2018,16,0,4,missing,,Avenida Central,18,25,6,172,124,48,151
9,19,2018,16,0,4,missing,,Avenida João Paulo II,35,39,3,10,9,1,151
9,19,2018,17,0,4,missing,,N14 Bosch,26,47,20,109,48,61,152
9,19,2018,17,0,4,missing,,Avenida Padre Júlio Fragata,43,67,23,139,83,56,152
9,19,2018,17,0,4,missing,,Rua Nova Santa Cruz,38,43,5,55,39,16,152
9,19,2018,17,0,4,missing,,Rua Costa Gomes,14,40,26,51,42,9,152
9,19,2018,17,0,4,missing,,Avenida da Liberdade,16,25,8,195,124,71,152
9,19,2018,17,0,4,missing,,Rua de Caires,32,36,4,45,36,9,152
9,19,2018,17,0,4,missing,,Avenida Central,16,25,8,195,124,71,152
9,19,2018,17,0,4,missing,,Avenida João Paulo II,27,39,11,14,9,5,152
9,19,2018,18,0,4,missing,,N14 Bosch,21,47,25,128,48,80,153
9,19,2018,18,0,4,missing,,Avenida Padre Júlio Fragata,29,67,37,216,83,133,153
9,19,2018,18,0,4,missing,,Rua Nova Santa Cruz,42,43,1,40,39,1,153
9,19,2018,18,0,4,missing,,Rua Costa Gomes,12,40,28,71,42,28,153
9,19,2018,18,0,4,missing,,Avenida da Liberdade,18,25,6,166,124,42,153
9,19,2018,18,0,4,missing,,Rua de Caires,25,36,11,55,36,18,153
9,19,2018,18,0,4,missing,,Avenida Central,18,25,6,167,124,43,153
9,19,2018,18,0,4,missing,,Avenida João Paulo II,22,39,16,18,9,9,153
9,19,2018,19,0,4,missing,,N14 Bosch,39,47,7,71,48,23,154
9,19,2018,19,0,4,missing,,Avenida Padre Júlio Fragata,55,67,11,116,83,33,154
9,19,2018,19,0,4,missing,,Rua Nova Santa Cruz,35,43,8,50,39,11,154
9,19,2018,19,0,4,missing,,Rua Costa Gomes,17,40,22,45,42,2,154
9,19,2018,19,0,4,missing,,Avenida da Liberdade,23,25,1,133,124,9,154
9,19,2018,19,0,4,missing,,Rua de Caires,33,36,2,40,36,4,154
9,19,2018,19,0,4,missing,,Avenida Central,23,25,1,133,124,9,154
9,19,2018,19,0,4,missing,,Avenida João Paulo II,33,39,5,12,9,3,154
9,19,2018,20,0,4,missing,,N14 Bosch,47,47,0,48,48,0,155
9,19,2018,20,0,4,missing,,Avenida Padre Júlio Fragata,64,67,2,86,83,3,155
9,19,2018,20,0,4,missing,,Rua Nova Santa Cruz,43,43,0,39,39,0,155
9,19,2018,20,0,4,missing,,Rua Costa Gomes,25,40,15,26,42,-16,155
9,19,2018,20,0,4,missing,,Avenida da Liberdade,24,25,0,128,124,4,155
9,19,2018,20,0,4,missing,,Rua de Caires,35,36,1,37,36,1,155
9,19,2018,20,0,4,missing,,Avenida Central,24,25,0,128,124,4,155
9,19,2018,20,0,4,missing,,Avenida João Paulo II,36,39,2,9,9,0,155
9,19,2018,21,0,4,missing,,N14 Bosch,47,47,0,48,48,0,156
9,19,2018,21,0,4,missing,,Avenida Padre Júlio Fragata,67,67,0,83,83,0,156
9,19,2018,21,0,4,missing,,Rua Nova Santa Cruz,38,43,5,46,39,6,156
9,19,2018,21,0,4,missing,,Rua Costa Gomes,23,40,17,30,42,-12,156
9,19,2018,21,0,4,missing,,Avenida da Liberdade,25,25,0,124,124,0,156
9,19,2018,21,0,4,missing,,Rua de Caires,35,36,1,38,36,2,156
9,19,2018,21,0,4,missing,,Avenida Central,25,25,0,124,124,0,156
9,19,2018,21,0,4,missing,,Avenida João Paulo II,36,39,2,9,9,0,156
9,19,2018,22,0,4,missing,,N14 Bosch,43,47,3,53,48,5,157
9,19,2018,22,0,4,missing,,Avenida Padre Júlio Fragata,62,67,4,90,83,7,157
9,19,2018,22,0,4,missing,,Rua Nova Santa Cruz,43,43,0,39,39,0,157
9,19,2018,22,0,4,missing,,Rua Costa Gomes,25,40,15,26,42,-16,157
9,19,2018,22,0,4,missing,,Avenida da Liberdade,25,25,0,124,124,0,157
9,19,2018,22,0,4,missing,,Rua de Caires,36,36,0,36,36,0,157
9,19,2018,22,0,4,missing,,Avenida Central,25,25,0,124,124,0,157
9,19,2018,22,0,4,missing,,Avenida João Paulo II,39,39,0,9,9,0,157
9,19,2018,23,0,4,missing,,N14 Bosch,47,47,0,48,48,0,158
9,19,2018,23,0,4,missing,,Avenida Padre Júlio Fragata,67,67,0,83,83,0,158
9,19,2018,23,0,4,missing,,Rua Nova Santa Cruz,41,43,2,42,39,3,158
9,19,2018,23,0,4,missing,,Rua Costa Gomes,20,40,20,20,42,-21,158
9,19,2018,23,0,4,missing,,Avenida da Liberdade,24,25,0,128,124,4,158
9,19,2018,23,0,4,missing,,Rua de Caires,35,36,1,38,36,1,158
9,19,2018,23,0,4,missing,,Avenida Central,24,25,0,128,124,4,158
9,19,2018,23,0,4,missing,,Avenida João Paulo II,39,39,0,9,9,0,158
9,21,2018,0,0,6,missing,,N14 Bosch,47,47,0,48,48,0,183
9,21,2018,0,0,6,missing,,Avenida Padre Júlio Fragata,67,67,0,83,83,0,183
9,21,2018,0,0,6,missing,,Rua Nova Santa Cruz,43,43,0,39,39,0,183
9,21,2018,0,0,6,missing,,Rua Costa Gomes,25,40,15,26,42,-16,183
9,21,2018,0,0,6,missing,,Avenida da Liberdade,25,25,0,124,124,0,183
9,21,2018,0,0,6,missing,,Rua de Caires,36,36,0,36,36,0,183
9,21,2018,0,0,6,missing,,Avenida Central,25,25,0,124,124,0,183
9,21,2018,0,0,6,missing,,Avenida João Paulo II,39,39,0,9,9,0,183
9,21,2018,1,0,6,missing,,N14 Bosch,46,46,0,74,74,0,184
9,21,2018,1,0,6,missing,,Avenida Padre Júlio Fragata,60,60,0,21,21,0,184
9,21,2018,1,0,6,missing,,Rua Nova Santa Cruz,28,28,0,115,115,0,184
9,21,2018,1,0,6,missing,,Rua Costa Gomes,40,40,0,42,42,0,184
9,21,2018,1,0,6,missing,,Avenida da Liberdade,22,22,0,30,30,0,184
9,21,2018,1,0,6,missing,,Rua de Caires,34,34,0,37,37,0,184
9,21,2018,1,0,6,missing,,Avenida Central,17,17,0,284,284,0,184
9,21,2018,1,0,6,missing,,Avenida João Paulo II,40,40,0,8,8,0,184
9,21,2018,2,0,6,missing,,N14 Bosch,45,45,0,74,74,0,185
9,21,2018,2,0,6,missing,,Avenida Padre Júlio Fragata,60,60,0,20,20,0,185
9,21,2018,2,0,6,missing,,Rua Nova Santa Cruz,28,28,0,115,115,0,185
9,21,2018,2,0,6,missing,,Rua Costa Gomes,40,40,0,42,42,0,185
9,21,2018,2,0,6,missing,,Avenida da Liberdade,22,22,0,30,30,0,185
9,21,2018,2,0,6,missing,,Rua de Caires,34,34,0,36,36,0,185
9,21,2018,2,0,6,missing,,Avenida Central,17,17,0,284,284,0,185
9,21,2018,2,0,6,missing,,Avenida João Paulo II,39,39,0,8,8,0,185
9,21,2018,3,0,6,missing,,N14 Bosch,47,47,0,48,48,0,186
9,21,2018,3,0,6,missing,,Avenida Padre Júlio Fragata,67,67,0,83,83,0,186
9,21,2018,3,0,6,missing,,Rua Nova Santa Cruz,43,43,0,39,39,0,186
9,21,2018,3,0,6,missing,,Rua Costa Gomes,25,40,15,26,42,-16,186
9,21,2018,3,0,6,missing,,Avenida da Liberdade,25,25,0,124,124,0,186
9,21,2018,3,0,6,missing,,Rua de Caires,36,36,0,36,36,0,186
9,21,2018,3,0,6,missing,,Avenida Central,25,25,0,124,124,0,186
9,21,2018,3,0,6,missing,,Avenida João Paulo II,39,39,0,9,9,0,186
9,21,2018,4,0,6,missing,,N14 Bosch,47,47,0,48,48,0,187
9,21,2018,4,0,6,missing,,Avenida Padre Júlio Fragata,67,67,0,83,83,0,187
9,21,2018,4,0,6,missing,,Rua Nova Santa Cruz,43,43,0,39,39,0,187
9,21,2018,4,0,6,missing,,Rua Costa Gomes,25,40,15,26,42,-16,187
9,21,2018,4,0,6,missing,,Avenida da Liberdade,25,25,0,124,124,0,187
9,21,2018,4,0,6,missing,,Rua de Caires,36,36,0,36,36,0,187
9,21,2018,4,0,6,missing,,Avenida Central,25,25,0,124,124,0,187
9,21,2018,4,0,6,missing,,Avenida João Paulo II,39,39,0,9,9,0,187
9,21,2018,5,0,6,missing,,N14 Bosch,47,47,0,48,48,0,188
9,21,2018,5,0,6,missing,,Avenida Padre Júlio Fragata,67,67,0,83,83,0,188
9,21,2018,5,0,6,missing,,Rua Nova Santa Cruz,43,43,0,39,39,0,188
9,21,2018,5,0,6,missing,,Rua Costa Gomes,25,40,15,26,42,-16,188
9,21,2018,5,0,6,missing,,Avenida da Liberdade,25,25,0,124,124,0,188
9,21,2018,5,0,6,missing,,Rua de Caires,36,36,0,36,36,0,188
9,21,2018,5,0,6,missing,,Avenida Central,25,25,0,124,124,0,188
9,21,2018,5,0,6,missing,,Avenida João Paulo II,39,39,0,9,9,0,188
9,21,2018,6,0,6,missing,,N14 Bosch,47,47,0,48,48,0,189
9,21,2018,6,0,6,missing,,Avenida Padre Júlio Fragata,67,67,0,83,83,0,189
9,21,2018,6,0,6,missing,,Rua Nova Santa Cruz,43,43,0,39,39,0,189
9,21,2018,6,0,6,missing,,Rua Costa Gomes,25,40,15,26,42,-16,189
9,21,2018,6,0,6,missing,,Avenida da Liberdade,25,25,0,124,124,0,189
9,21,2018,6,0,6,missing,,Rua de Caires,36,36,0,36,36,0,189
9,21,2018,6,0,6,missing,,Avenida Central,25,25,0,124,124,0,189
9,21,2018,6,0,6,missing,,Avenida João Paulo II,39,39,0,9,9,0,189
9,21,2018,7,0,6,missing,,N14 Bosch,39,47,7,62,48,14,190
9,21,2018,7,0,6,missing,,Avenida Padre Júlio Fragata,67,67,0,83,83,0,190
9,21,2018,7,0,6,missing,,Rua Nova Santa Cruz,39,43,4,45,39,5,190
9,21,2018,7,0,6,missing,,Rua Costa Gomes,23,40,16,28,42,-14,190
9,21,2018,7,0,6,missing,,Avenida da Liberdade,25,25,0,124,124,0,190
9,21,2018,7,0,6,missing,,Rua de Caires,28,36,7,50,36,13,190
9,21,2018,7,0,6,missing,,Avenida Central,25,25,0,124,124,0,190
9,21,2018,7,0,6,missing,,Avenida João Paulo II,39,39,0,9,9,0,190
9,21,2018,8,0,6,missing,,N14 Bosch,29,47,17,93,48,45,191
9,21,2018,8,0,6,missing,,Avenida Padre Júlio Fragata,58,67,8,103,83,20,191
9,21,2018,8,0,6,missing,,Rua Nova Santa Cruz,38,43,5,54,39,14,191
9,21,2018,8,0,6,missing,,Rua Costa Gomes,20,40,20,34,42,-8,191
9,21,2018,8,0,6,missing,,Avenida da Liberdade,23,25,1,133,124,9,191
9,21,2018,8,0,6,missing,,Rua de Caires,22,36,13,63,36,27,191
9,21,2018,8,0,6,missing,,Avenida Central,23,25,1,137,124,13,191
9,21,2018,8,0,6,missing,,Avenida João Paulo II,39,39,0,9,9,0,191
9,21,2018,9,0,6,missing,,N14 Bosch,38,47,8,59,48,11,192
9,21,2018,9,0,6,missing,,Avenida Padre Júlio Fragata,65,67,2,86,83,3,192
9,21,2018,9,0,6,missing,,Rua Nova Santa Cruz,40,43,2,44,39,5,192
9,21,2018,9,0,6,missing,,Rua Costa Gomes,22,40,18,30,42,-12,192
9,21,2018,9,0,6,missing,,Avenida da Liberdade,25,25,0,124,124,0,192
9,21,2018,9,0,6,missing,,Rua de Caires,26,36,9,53,36,16,192
9,21,2018,9,0,6,missing,,Avenida Central,25,25,0,124,124,0,192
9,21,2018,9,0,6,missing,,Avenida João Paulo II,35,39,3,10,9,1,192
9,21,2018,10,0,6,missing,,N14 Bosch,28,47,18,82,48,34,193
9,21,2018,10,0,6,missing,,Avenida Padre Júlio Fragata,64,67,2,86,83,3,193
9,21,2018,10,0,6,missing,,Rua Nova Santa Cruz,43,43,0,39,39,0,193
9,21,2018,10,0,6,missing,,Rua Costa Gomes,24,40,16,27,42,-14,193
9,21,2018,10,0,6,missing,,Avenida da Liberdade,22,25,2,142,124,18,193
9,21,2018,10,0,6,missing,,Rua de Caires,28,36,8,50,36,13,193
9,21,2018,10,0,6,missing,,Avenida Central,22,25,2,142,124,18,193
9,21,2018,10,0,6,missing,,Avenida João Paulo II,33,39,6,11,9,2,193
9,21,2018,11,0,6,missing,,N14 Bosch,29,47,17,82,48,34,194
9,21,2018,11,0,6,missing,,Avenida Padre Júlio Fragata,67,67,0,83,83,0,194
9,21,2018,11,0,6,missing,,Rua Nova Santa Cruz,37,43,5,48,39,8,194
9,21,2018,11,0,6,missing,,Rua Costa Gomes,16,40,24,27,42,-15,194
9,21,2018,11,0,6,missing,,Avenida da Liberdade,19,25,5,179,124,55,194
9,21,2018,11,0,6,missing,,Rua de Caires,25,36,10,54,36,17,194
9,21,2018,11,0,6,missing,,Avenida Central,19,25,5,179,124,55,194
9,21,2018,11,0,6,missing,,Avenida João Paulo II,35,39,3,10,9,1,194
10,22,2018,7,0,2,missing,,N14 Bosch,46,46,0,56,56,0,195
10,22,2018,7,0,2,missing,,Avenida Padre Júlio Fragata,61,61,0,20,20,0,195
10,22,2018,7,0,2,missing,,Rua Nova Santa Cruz,28,28,0,108,108,0,195
10,22,2018,7,0,2,missing,,Rua Costa Gomes,40,40,0,42,42,0,195
10,22,2018,7,0,2,missing,,Avenida da Liberdade,22,22,0,25,25,0,195
10,22,2018,7,0,2,missing,,Rua de Caires,32,32,0,25,25,0,195
10,22,2018,7,0,2,missing,,Avenida Central,16,16,0,242,242,0,195
10,22,2018,7,0,2,missing,,Avenida João Paulo II,39,39,0,8,8,0,195
10,22,2018,12,0,2,missing,,N14 Bosch,34,46,12,83,59,24,196
10,22,2018,12,0,2,missing,,Avenida Padre Júlio Fragata,56,60,4,23,20,2,196
10,22,2018,12,0,2,missing,,Rua Nova Santa Cruz,23,28,4,135,108,26,196
10,22,2018,12,0,2,missing,,Rua Costa Gomes,34,40,5,50,42,8,196
10,22,2018,12,0,2,missing,,Avenida da Liberdade,19,22,3,30,25,4,196
10,22,2018,12,0,2,missing,,Rua de Caires,26,31,5,33,26,7,196
10,22,2018,12,0,2,missing,,Avenida Central,12,16,3,329,238,90,196
10,22,2018,12,0,2,missing,,Avenida João Paulo II,34,39,4,9,8,1,196
10,24,2018,7,0,4,missing,,N14 Bosch,46,46,0,59,59,0,197
10,24,2018,7,0,4,missing,,Avenida Padre Júlio Fragata,60,60,0,20,20,0,197
10,24,2018,7,0,4,missing,,Rua Nova Santa Cruz,28,28,0,109,109,0,197
10,24,2018,7,0,4,missing,,Rua Costa Gomes,40,40,0,42,42,0,197
10,24,2018,7,0,4,missing,,Avenida da Liberdade,22,22,0,29,29,0,197
10,24,2018,7,0,4,missing,,Rua de Caires,29,29,0,22,22,0,197
10,24,2018,7,0,4,missing,,Avenida Central,17,17,0,274,274,0,197
10,24,2018,7,0,4,missing,,Avenida João Paulo II,39,39,0,8,8,0,197
10,24,2018,8,0,4,missing,,N14 Bosch,38,46,7,68,56,12,198
10,24,2018,8,0,4,missing,,Avenida Padre Júlio Fragata,61,61,0,20,20,0,198
10,24,2018,8,0,4,missing,,Rua Nova Santa Cruz,27,28,1,114,108,6,198
10,24,2018,8,0,4,missing,,Rua Costa Gomes,35,39,4,49,42,6,198
10,24,2018,8,0,4,missing,,Avenida da Liberdade,22,22,0,25,25,0,198
10,24,2018,8,0,4,missing,,Rua de Caires,24,31,6,34,26,8,198
10,24,2018,8,0,4,missing,,Avenida Central,15,16,0,254,242,11,198
10,24,2018,8,0,4,missing,,Avenida João Paulo II,38,38,0,8,8,0,198
10,24,2018,9,0,4,missing,,N14 Bosch,28,45,17,99,59,40,199
10,24,2018,9,0,4,missing,,Avenida Padre Júlio Fragata,37,61,23,34,20,14,199
10,24,2018,9,0,4,missing,,Rua Nova Santa Cruz,24,28,3,133,109,23,199
10,24,2018,9,0,4,missing,,Rua Costa Gomes,24,39,15,74,42,31,199
10,24,2018,9,0,4,missing,,Avenida da Liberdade,19,21,2,29,26,3,199
10,24,2018,9,0,4,missing,,Rua de Caires,23,32,9,52,29,22,199
10,24,2018,9,0,4,missing,,Avenida Central,12,16,3,325,245,80,199
10,24,2018,9,0,4,missing,,Avenida João Paulo II,33,38,5,10,8,1,199
10,24,2018,10,0,4,missing,,N14 Bosch,35,46,10,80,59,20,200
10,24,2018,10,0,4,missing,,Avenida Padre Júlio Fragata,61,61,0,20,20,0,200
10,24,2018,10,0,4,missing,,Rua Nova Santa Cruz,28,28,0,111,108,3,200
10,24,2018,10,0,4,missing,,Rua Costa Gomes,31,39,8,56,42,13,200
10,24,2018,10,0,4,missing,,Avenida da Liberdade,20,21,1,28,26,2,200
10,24,2018,10,0,4,missing,,Rua de Caires,24,32,8,39,29,10,200
10,24,2018,10,0,4,missing,,Avenida Central,13,16,2,305,244,61,200
10,24,2018,10,0,4,missing,,Avenida João Paulo II,38,39,1,8,8,0,200
10,29,2018,6,0,2,missing,,N14 Bosch,46,46,0,56,56,0,201
10,29,2018,6,0,2,missing,,Avenida Padre Júlio Fragata,61,61,0,20,20,0,201
10,29,2018,6,0,2,missing,,Rua Nova Santa Cruz,28,28,0,108,108,0,201
10,29,2018,6,0,2,missing,,Rua Costa Gomes,40,40,0,42,42,0,201
10,29,2018,6,0,2,missing,,Avenida da Liberdade,22,22,0,25,25,0,201
10,29,2018,6,0,2,missing,,Rua de Caires,32,32,0,25,25,0,201
10,29,2018,6,0,2,missing,,Avenida Central,16,16,0,242,242,0,201
10,29,2018,6,0,2,missing,,Avenida João Paulo II,39,39,0,8,8,0,201
11,12,2018,3,0,2,missing,,N14 Bosch,46,46,0,56,56,0,202
11,12,2018,3,0,2,missing,,Avenida Padre Júlio Fragata,61,61,0,20,20,0,202
11,12,2018,3,0,2,missing,,Rua Nova Santa Cruz,28,28,0,108,108,0,202
11,12,2018,3,0,2,missing,,Rua Costa Gomes,40,40,0,42,42,0,202
11,12,2018,3,0,2,missing,,Avenida da Liberdade,22,22,0,25,25,0,202
11,12,2018,3,0,2,missing,,Rua de Caires,32,32,0,25,25,0,202
11,12,2018,3,0,2,missing,,Avenida Central,16,16,0,242,242,0,202
11,12,2018,3,0,2,missing,,Avenida João Paulo II,39,39,0,8,8,0,202
11,12,2018,5,0,2,missing,,N14 Bosch,46,46,0,56,56,0,203
11,12,2018,5,0,2,missing,,Avenida Padre Júlio Fragata,61,61,0,20,20,0,203
11,12,2018,5,0,2,missing,,Rua Nova Santa Cruz,28,28,0,108,108,0,203
11,12,2018,5,0,2,missing,,Rua Costa Gomes,40,40,0,42,42,0,203
11,12,2018,5,0,2,missing,,Avenida da Liberdade,22,22,0,25,25,0,203
11,12,2018,5,0,2,missing,,Rua de Caires,32,32,0,25,25,0,203
11,12,2018,5,0,2,missing,,Avenida Central,16,16,0,242,242,0,203
11,12,2018,5,0,2,missing,,Avenida João Paulo II,39,39,0,8,8,0,203
11,15,2018,16,0,5,missing,,N14 Bosch,26,46,19,114,59,54,204
11,15,2018,16,0,5,missing,,Avenida Padre Júlio Fragata,53,60,7,24,20,3,204
11,15,2018,16,0,5,missing,,Rua Nova Santa Cruz,20,28,8,155,108,47,204
11,15,2018,16,0,5,missing,,Rua Costa Gomes,28,39,11,76,42,33,204
11,15,2018,16,0,5,missing,,Avenida da Liberdade,21,22,1,29,27,1,204
11,15,2018,16,0,5,missing,,Rua de Caires,25,31,5,34,26,8,204
11,15,2018,16,0,5,missing,,Avenida Central,11,16,5,381,257,123,204
11,15,2018,16,0,5,missing,,Avenida João Paulo II,28,39,10,12,8,3,204
11,19,2018,12,0,2,missing,,N14 Bosch,34,46,12,83,59,24,205
11,19,2018,12,0,2,missing,,Avenida Padre Júlio Fragata,56,60,4,23,20,2,205
11,19,2018,12,0,2,missing,,Rua Nova Santa Cruz,23,28,4,135,108,26,205
11,19,2018,12,0,2,missing,,Rua Costa Gomes,34,40,5,50,42,8,205
11,19,2018,12,0,2,missing,,Avenida da Liberdade,19,22,3,30,25,4,205
11,19,2018,12,0,2,missing,,Rua de Caires,26,31,5,33,26,7,205
11,19,2018,12,0,2,missing,,Avenida Central,12,16,3,329,238,90,205
11,19,2018,12,0,2,missing,,Avenida João Paulo II,34,39,4,9,8,1,205
12,9,2018,15,0,8,missing,,N14 Bosch,42,45,3,62,56,6,206
12,9,2018,15,0,8,missing,,Avenida Padre Júlio Fragata,46,61,14,28,20,8,206
12,9,2018,15,0,8,missing,,Rua Nova Santa Cruz,28,28,0,107,107,0,206
12,9,2018,15,0,8,missing,,Rua Costa Gomes,32,40,7,54,42,11,206
12,9,2018,15,0,8,missing,,Avenida da Liberdade,22,22,0,25,25,0,206
12,9,2018,15,0,8,missing,,Rua de Caires,31,31,0,25,25,0,206
12,9,2018,15,0,8,missing,,Avenida Central,15,16,0,263,247,15,206
12,9,2018,15,0,8,missing,,Avenida João Paulo II,21,38,17,25,8,17,206
12,9,2018,17,0,8,missing,,N14 Bosch,41,46,5,63,56,7,207
12,9,2018,17,0,8,missing,,Avenida Padre Júlio Fragata,43,60,17,33,21,12,207
12,9,2018,17,0,8,missing,,Rua Nova Santa Cruz,28,28,0,110,107,3,207
12,9,2018,17,0,8,missing,,Rua Costa Gomes,31,39,8,55,42,12,207
12,9,2018,17,0,8,missing,,Avenida da Liberdade,22,22,0,25,25,0,207
12,9,2018,17,0,8,missing,,Rua de Caires,30,31,1,27,25,1,207
12,9,2018,17,0,8,missing,,Avenida Central,12,16,3,359,246,113,207
12,9,2018,17,0,8,missing,,Avenida João Paulo II,24,38,14,25,8,16,207
12,12,2018,13,0,4,missing,,N14 Bosch,25,46,21,111,56,54,208
12,12,2018,13,0,4,missing,,Avenida Padre Júlio Fragata,58,61,3,22,20,1,208
12,12,2018,13,0,4,missing,,Rua Nova Santa Cruz,20,28,8,164,106,58,208
12,12,2018,13,0,4,missing,,Rua Costa Gomes,35,40,5,49,42,7,208
12,12,2018,13,0,4,missing,,Avenida da Liberdade,22,22,0,25,25,0,208
12,12,2018,13,0,4,missing,,Rua de Caires,22,31,9,41,26,15,208
12,12,2018,13,0,4,missing,,Avenida Central,13,16,2,302,239,62,208
12,12,2018,13,0,4,missing,,Avenida João Paulo II,35,38,3,9,8,1,208
12,12,2018,14,0,4,missing,,N14 Bosch,24,45,21,117,60,57,209
12,12,2018,14,0,4,missing,,Avenida Padre Júlio Fragata,54,60,6,24,20,3,209
12,12,2018,14,0,4,missing,,Rua Nova Santa Cruz,22,28,5,141,109,32,209
12,12,2018,14,0,4,missing,,Rua Costa Gomes,26,40,14,66,42,24,209
12,12,2018,14,0,4,missing,,Avenida da Liberdade,21,21,0,26,26,0,209
12,12,2018,14,0,4,missing,,Rua de Caires,26,32,6,38,29,8,209
12,12,2018,14,0,4,missing,,Avenida Central,11,16,4,346,244,102,209
12,12,2018,14,0,4,missing,,Avenida João Paulo II,33,39,5,10,8,1,209
12,12,2018,15,0,4,missing,,N14 Bosch,24,46,21,122,59,62,210
12,12,2018,15,0,4,missing,,Avenida Padre Júlio Fragata,56,60,4,23,20,2,210
12,12,2018,15,0,4,missing,,Rua Nova Santa Cruz,22,28,6,147,108,38,210
12,12,2018,15,0,4,missing,,Rua Costa Gomes,30,40,9,57,42,14,210
12,12,2018,15,0,4,missing,,Avenida da Liberdade,20,21,1,28,26,1,210
12,12,2018,15,0,4,missing,,Rua de Caires,25,32,7,41,29,11,210
12,12,2018,15,0,4,missing,,Avenida Central,11,16,5,363,242,121,210
12,12,2018,15,0,4,missing,,Avenida João Paulo II,33,39,6,10,8,2,210
12,12,2018,16,0,4,missing,,N14 Bosch,23,46,23,125,59,66,211
12,12,2018,16,0,4,missing,,Avenida Padre Júlio Fragata,55,61,5,22,20,2,211
12,12,2018,16,0,4,missing,,Rua Nova Santa Cruz,21,28,7,158,109,48,211
12,12,2018,16,0,4,missing,,Rua Costa Gomes,29,40,11,59,42,17,211
12,12,2018,16,0,4,missing,,Avenida da Liberdade,20,21,0,28,26,1,211
12,12,2018,16,0,4,missing,,Rua de Caires,27,32,5,37,29,7,211
12,12,2018,16,0,4,missing,,Avenida Central,12,16,4,338,240,98,211
12,12,2018,16,0,4,missing,,Avenida João Paulo II,30,39,8,11,8,3,211
12,12,2018,17,0,4,missing,,N14 Bosch,25,46,20,111,59,52,212
12,12,2018,17,0,4,missing,,Avenida Padre Júlio Fragata,55,61,5,23,20,2,212
12,12,2018,17,0,4,missing,,Rua Nova Santa Cruz,18,28,9,185,109,75,212
12,12,2018,17,0,4,missing,,Rua Costa Gomes,24,40,15,72,42,30,212
12,12,2018,17,0,4,missing,,Avenida da Liberdade,18,21,3,32,26,6,212
12,12,2018,17,0,4,missing,,Rua de Caires,24,32,8,41,29,12,212
12,12,2018,17,0,4,missing,,Avenida Central,9,16,6,412,245,166,212
12,12,2018,17,0,4,missing,,Avenida João Paulo II,25,39,13,13,8,5,212
12,12,2018,18,0,4,missing,,N14 Bosch,16,46,30,174,59,115,213
12,12,2018,18,0,4,missing,,Avenida Padre Júlio Fragata,32,61,28,45,20,24,213
12,12,2018,18,0,4,missing,,Rua Nova Santa Cruz,13,28,15,394,109,285,213
12,12,2018,18,0,4,missing,,Rua Costa Gomes,13,40,27,148,41,106,213
12,12,2018,18,0,4,missing,,Avenida da Liberdade,17,21,4,33,26,7,213
12,12,2018,18,0,4,missing,,Rua de Caires,18,32,13,53,29,23,213
12,12,2018,18,0,4,missing,,Avenida Central,8,16,8,514,242,272,213
12,12,2018,18,0,4,missing,,Avenida João Paulo II,24,39,14,18,8,10,213
12,12,2018,19,0,4,missing,,N14 Bosch,22,45,23,130,59,70,214
12,12,2018,19,0,4,missing,,Avenida Padre Júlio Fragata,30,60,30,44,20,24,214
12,12,2018,19,0,4,missing,,Rua Nova Santa Cruz,16,28,12,223,108,114,214
12,12,2018,19,0,4,missing,,Rua Costa Gomes,12,40,27,178,42,136,214
12,12,2018,19,0,4,missing,,Avenida da Liberdade,18,21,3,32,26,6,214
12,12,2018,19,0,4,missing,,Rua de Caires,21,32,10,49,29,19,214
12,12,2018,19,0,4,missing,,Avenida Central,7,16,9,607,242,365,214
12,12,2018,19,0,4,missing,,Avenida João Paulo II,23,39,15,18,8,10,214
12,12,2018,20,0,4,missing,,N14 Bosch,38,46,7,73,59,13,215
12,12,2018,20,0,4,missing,,Avenida Padre Júlio Fragata,53,60,7,24,20,3,215
12,12,2018,20,0,4,missing,,Rua Nova Santa Cruz,21,28,7,168,108,60,215
12,12,2018,20,0,4,missing,,Rua Costa Gomes,26,40,13,71,42,29,215
12,12,2018,20,0,4,missing,,Avenida da Liberdade,20,22,1,31,27,4,215
12,12,2018,20,0,4,missing,,Rua de Caires,30,31,1,26,25,0,215
12,12,2018,20,0,4,missing,,Avenida Central,15,16,1,300,257,43,215
12,12,2018,20,0,4,missing,,Avenida João Paulo II,31,39,7,10,8,2,215
12,12,2018,21,0,4,missing,,N14 Bosch,46,46,0,59,59,0,216
12,12,2018,21,0,4,missing,,Avenida Padre Júlio Fragata,58,61,2,21,20,1,216
12,12,2018,21,0,4,missing,,Rua Nova Santa Cruz,27,28,1,113,108,5,216
12,12,2018,21,0,4,missing,,Rua Costa Gomes,37,40,3,48,42,5,216
12,12,2018,21,0,4,missing,,Avenida da Liberdade,22,22,0,27,27,0,216
12,12,2018,21,0,4,missing,,Rua de Caires,30,31,0,26,26,0,216
12,12,2018,21,0,4,missing,,Avenida Central,15,16,1,298,259,39,216
12,12,2018,21,0,4,missing,,Avenida João Paulo II,37,39,1,8,8,0,216
12,12,2018,22,0,4,missing,,N14 Bosch,46,46,0,59,59,0,217
12,12,2018,22,0,4,missing,,Avenida Padre Júlio Fragata,59,61,1,21,20,0,217
12,12,2018,22,0,4,missing,,Rua Nova Santa Cruz,27,28,0,113,108,5,217
12,12,2018,22,0,4,missing,,Rua Costa Gomes,40,40,0,42,42,0,217
12,12,2018,22,0,4,missing,,Avenida da Liberdade,22,22,0,27,27,0,217
12,12,2018,22,0,4,missing,,Rua de Caires,29,31,2,27,25,1,217
12,12,2018,22,0,4,missing,,Avenida Central,16,16,0,262,262,0,217
12,12,2018,22,0,4,missing,,Avenida João Paulo II,39,39,0,8,8,0,217
12,12,2018,23,0,4,missing,,N14 Bosch,45,45,0,59,59,0,218
12,12,2018,23,0,4,missing,,Avenida Padre Júlio Fragata,61,61,0,20,20,0,218
12,12,2018,23,0,4,missing,,Rua Nova Santa Cruz,28,28,0,108,108,0,218
12,12,2018,23,0,4,missing,,Rua Costa Gomes,40,40,0,42,42,0,218
12,12,2018,23,0,4,missing,,Avenida da Liberdade,22,22,0,27,27,0,218
12,12,2018,23,0,4,missing,,Rua de Caires,31,31,0,25,25,0,218
12,12,2018,23,0,4,missing,,Avenida Central,16,16,0,264,264,0,218
12,12,2018,23,0,4,missing,,Avenida João Paulo II,39,39,0,8,8,0,218
1,15,2019,0,0,3,missing,,N14 Bosch,46,46,0,59,59,0,1011
1,15,2019,0,0,3,missing,,Avenida Padre Júlio Fragata,61,61,0,20,20,0,1011
1,15,2019,0,0,3,missing,,Rua Nova Santa Cruz,28,28,0,108,108,0,1011
1,15,2019,0,0,3,missing,,Rua Costa Gomes,40,40,0,42,42,0,1011
1,15,2019,0,0,3,missing,,Avenida da Liberdade,22,22,0,25,25,0,1011
1,15,2019,0,0,3,missing,,Rua de Caires,31,31,0,25,25,0,1011
1,15,2019,0,0,3,missing,,Avenida Central,16,16,0,241,241,0,1011
1,15,2019,0,0,3,missing,,Avenida João Paulo II,39,39,0,8,8,0,1011
1,15,2019,1,0,3,missing,,N14 Bosch,45,45,0,75,75,0,1012
1,15,2019,1,0,3,missing,,Avenida Padre Júlio Fragata,60,60,0,21,21,0,1012
1,15,2019,1,0,3,missing,,Rua Nova Santa Cruz,29,29,0,111,111,0,1012
1,15,2019,1,0,3,missing,,Rua Costa Gomes,40,40,0,42,42,0,1012
1,15,2019,1,0,3,missing,,Avenida da Liberdade,21,21,0,32,32,0,1012
1,15,2019,1,0,3,missing,,Rua de Caires,35,35,0,36,36,0,1012
1,15,2019,1,0,3,missing,,Avenida Central,17,17,0,284,284,0,1012
1,15,2019,1,0,3,missing,,Avenida João Paulo II,40,40,0,8,8,0,1012
1,15,2019,2,0,3,missing,,N14 Bosch,45,45,0,75,75,0,1013
1,15,2019,2,0,3,missing,,Avenida Padre Júlio Fragata,60,60,0,21,21,0,1013
1,15,2019,2,0,3,missing,,Rua Nova Santa Cruz,28,28,0,112,112,0,1013
1,15,2019,2,0,3,missing,,Rua Costa Gomes,40,40,0,42,42,0,1013
1,15,2019,2,0,3,missing,,Avenida da Liberdade,21,21,0,32,32,0,1013
1,15,2019,2,0,3,missing,,Rua de Caires,35,35,0,36,36,0,1013
1,15,2019,2,0,3,missing,,Avenida Central,17,17,0,276,276,0,1013
1,15,2019,2,0,3,missing,,Avenida João Paulo II,39,39,0,8,8,0,1013
1,15,2019,3,0,3,missing,,N14 Bosch,46,46,0,59,59,0,1014
1,15,2019,3,0,3,missing,,Avenida Padre Júlio Fragata,61,61,0,20,20,0,1014
1,15,2019,3,0,3,missing,,Rua Nova Santa Cruz,28,28,0,108,108,0,1014
1,15,2019,3,0,3,missing,,Rua Costa Gomes,40,40,0,42,42,0,1014
1,15,2019,3,0,3,missing,,Avenida da Liberdade,22,22,0,25,25,0,1014
1,15,2019,3,0,3,missing,,Rua de Caires,31,31,0,25,25,0,1014
1,15,2019,3,0,3,missing,,Avenida Central,16,16,0,242,242,0,1014
1,15,2019,3,0,3,missing,,Avenida João Paulo II,39,39,0,8,8,0,1014
1,15,2019,4,0,3,missing,,N14 Bosch,46,46,0,59,59,0,1015
1,15,2019,4,0,3,missing,,Avenida Padre Júlio Fragata,61,61,0,20,20,0,1015
1,15,2019,4,0,3,missing,,Rua Nova Santa Cruz,28,28,0,108,108,0,1015
1,15,2019,4,0,3,missing,,Rua Costa Gomes,40,40,0,42,42,0,1015
1,15,2019,4,0,3,missing,,Avenida da Liberdade,22,22,0,25,25,0,1015
1,15,2019,4,0,3,missing,,Rua de Caires,31,31,0,25,25,0,1015
1,15,2019,4,0,3,missing,,Avenida Central,16,16,0,242,242,0,1015
1,15,2019,4,0,3,missing,,Avenida João Paulo II,39,39,0,8,8,0,1015
1,15,2019,5,0,3,missing,,N14 Bosch,46,46,0,59,59,0,1016
1,15,2019,5,0,3,missing,,Avenida Padre Júlio Fragata,61,61,0,20,20,0,1016
1,15,2019,5,0,3,missing,,Rua Nova Santa Cruz,28,28,0,108,108,0,1016
1,15,2019,5,0,3,missing,,Rua Costa Gomes,40,40,0,42,42,0,1016
1,15,2019,5,0,3,missing,,Avenida da Liberdade,22,22,0,25,25,0,1016
1,15,2019,5,0,3,missing,,Rua de Caires,31,31,0,25,25,0,1016
1,15,2019,5,0,3,missing,,Avenida Central,16,16,0,242,242,0,1016
1,15,2019,5,0,3,missing,,Avenida João Paulo II,39,39,0,8,8,0,1016
1,15,2019,6,0,3,missing,,N14 Bosch,46,46,0,59,59,0,1017
1,15,2019,6,0,3,missing,,Avenida Padre Júlio Fragata,61,61,0,20,20,0,1017
1,15,2019,6,0,3,missing,,Rua Nova Santa Cruz,28,28,0,108,108,0,1017
1,15,2019,6,0,3,missing,,Rua Costa Gomes,40,40,0,42,42,0,1017
1,15,2019,6,0,3,missing,,Avenida da Liberdade,22,22,0,25,25,0,1017
1,15,2019,6,0,3,missing,,Rua de Caires,31,31,0,25,25,0,1017
1,15,2019,6,0,3,missing,,Avenida Central,16,16,0,242,242,0,1017
1,15,2019,6,0,3,missing,,Avenida João Paulo II,39,39,0,8,8,0,1017
1,15,2019,7,0,3,missing,,N14 Bosch,46,46,0,59,59,0,1018
1,15,2019,7,0,3,missing,,Avenida Padre Júlio Fragata,61,61,0,20,20,0,1018
1,15,2019,7,0,3,missing,,Rua Nova Santa Cruz,28,28,0,108,108,0,1018
1,15,2019,7,0,3,missing,,Rua Costa Gomes,40,40,0,42,42,0,1018
1,15,2019,7,0,3,missing,,Avenida da Liberdade,22,22,0,25,25,0,1018
1,15,2019,7,0,3,missing,,Rua de Caires,30,31,1,26,25,0,1018
1,15,2019,7,0,3,missing,,Avenida Central,16,16,0,242,242,0,1018
1,15,2019,7,0,3,missing,,Avenida João Paulo II,39,39,0,8,8,0,1018
1,15,2019,8,0,3,missing,,N14 Bosch,31,46,14,95,59,36,1019
1,15,2019,8,0,3,missing,,Avenida Padre Júlio Fragata,61,61,0,20,20,0,1019
1,15,2019,8,0,3,missing,,Rua Nova Santa Cruz,28,28,0,111,108,3,1019
1,15,2019,8,0,3,missing,,Rua Costa Gomes,34,40,5,50,42,8,1019
1,15,2019,8,0,3,missing,,Avenida da Liberdade,22,22,0,25,25,0,1019
1,15,2019,8,0,3,missing,,Rua de Caires,26,31,4,33,25,7,1019
1,15,2019,8,0,3,missing,,Avenida Central,15,16,1,263,240,23,1019
1,15,2019,8,0,3,missing,,Avenida João Paulo II,39,39,0,8,8,0,1019
1,15,2019,9,0,3,missing,,N14 Bosch,24,46,21,113,59,54,1020
1,15,2019,9,0,3,missing,,Avenida Padre Júlio Fragata,38,60,22,36,20,15,1020
1,15,2019,9,0,3,missing,,Rua Nova Santa Cruz,27,28,1,116,108,7,1020
1,15,2019,9,0,3,missing,,Rua Costa Gomes,29,40,11,59,42,17,1020
1,15,2019,9,0,3,missing,,Avenida da Liberdade,19,21,2,30,25,4,1020
1,15,2019,9,0,3,missing,,Rua de Caires,20,31,10,41,25,15,1020
1,15,2019,9,0,3,missing,,Avenida Central,10,16,6,418,245,173,1020
1,15,2019,9,0,3,missing,,Avenida João Paulo II,26,39,12,18,8,10,1020
1,15,2019,10,0,3,missing,,N14 Bosch,31,45,14,105,59,45,1021
1,15,2019,10,0,3,missing,,Avenida Padre Júlio Fragata,59,61,1,21,20,0,1021
1,15,2019,10,0,3,missing,,Rua Nova Santa Cruz,25,28,2,128,108,20,1021
1,15,2019,10,0,3,missing,,Rua Costa Gomes,32,40,7,53,42,10,1021
1,15,2019,10,0,3,missing,,Avenida da Liberdade,20,22,1,28,25,3,1021
1,15,2019,10,0,3,missing,,Rua de Caires,22,31,9,38,25,12,1021
1,15,2019,10,0,3,missing,,Avenida Central,12,16,4,351,239,111,1021
1,15,2019,10,0,3,missing,,Avenida João Paulo II,37,39,2,8,8,0,1021
1,15,2019,11,0,3,missing,,N14 Bosch,30,46,16,104,59,45,1022
1,15,2019,11,0,3,missing,,Avenida Padre Júlio Fragata,61,61,0,20,20,0,1022
1,15,2019,11,0,3,missing,,Rua Nova Santa Cruz,26,28,2,120,107,13,1022
1,15,2019,11,0,3,missing,,Rua Costa Gomes,29,40,10,58,42,16,1022
1,15,2019,11,0,3,missing,,Avenida da Liberdade,20,22,1,28,25,3,1022
1,15,2019,11,0,3,missing,,Rua de Caires,25,31,6,35,25,9,1022
1,15,2019,11,0,3,missing,,Avenida Central,11,16,4,354,245,108,1022
1,15,2019,11,0,3,missing,,Avenida João Paulo II,34,39,4,9,8,1,1022
1,15,2019,12,0,3,missing,,N14 Bosch,29,46,16,100,59,41,1023
1,15,2019,12,0,3,missing,,Avenida Padre Júlio Fragata,61,61,0,20,20,0,1023
1,15,2019,12,0,3,missing,,Rua Nova Santa Cruz,21,28,6,149,109,40,1023
1,15,2019,12,0,3,missing,,Rua Costa Gomes,31,40,8,55,42,12,1023
1,15,2019,12,0,3,missing,,Avenida da Liberdade,22,22,0,25,25,0,1023
1,15,2019,12,0,3,missing,,Rua de Caires,26,31,4,32,25,7,1023
1,15,2019,12,0,3,missing,,Avenida Central,11,16,5,362,245,116,1023
1,15,2019,12,0,3,missing,,Avenida João Paulo II,36,38,2,9,8,0,1023
1,15,2019,13,0,3,missing,,N14 Bosch,28,46,18,103,59,44,1024
1,15,2019,13,0,3,missing,,Avenida Padre Júlio Fragata,59,61,1,21,20,0,1024
1,15,2019,13,0,3,missing,,Rua Nova Santa Cruz,20,28,8,169,108,60,1024
1,15,2019,13,0,3,missing,,Rua Costa Gomes,31,40,8,55,42,13,1024
1,15,2019,13,0,3,missing,,Avenida da Liberdade,21,22,0,26,25,1,1024
1,15,2019,13,0,3,missing,,Rua de Caires,26,31,5,34,25,8,1024
1,15,2019,13,0,3,missing,,Avenida Central,13,16,3,316,239,76,1024
1,15,2019,13,0,3,missing,,Avenida João Paulo II,39,39,0,8,8,0,1024
1,15,2019,14,0,3,missing,,N14 Bosch,22,46,24,138,59,79,1025
1,15,2019,14,0,3,missing,,Avenida Padre Júlio Fragata,52,61,8,24,20,4,1025
1,15,2019,14,0,3,missing,,Rua Nova Santa Cruz,23,28,5,142,109,33,1025
1,15,2019,14,0,3,missing,,Rua Costa Gomes,29,39,9,57,42,15,1025
1,15,2019,14,0,3,missing,,Avenida da Liberdade,21,22,0,25,25,0,1025
1,15,2019,14,0,3,missing,,Rua de Caires,25,31,6,34,25,9,1025
1,15,2019,14,0,3,missing,,Avenida Central,13,16,2,303,244,59,1025
1,15,2019,14,0,3,missing,,Avenida João Paulo II,37,39,2,8,8,0,1025
1,15,2019,15,0,3,missing,,N14 Bosch,27,46,19,107,59,48,1026
1,15,2019,15,0,3,missing,,Avenida Padre Júlio Fragata,57,61,3,22,20,1,1026
1,15,2019,15,0,3,missing,,Rua Nova Santa Cruz,21,28,7,157,109,47,1026
1,15,2019,15,0,3,missing,,Rua Costa Gomes,28,40,11,63,42,21,1026
1,15,2019,15,0,3,missing,,Avenida da Liberdade,21,22,0,26,25,0,1026
1,15,2019,15,0,3,missing,,Rua de Caires,26,31,5,34,26,8,1026
1,15,2019,15,0,3,missing,,Avenida Central,11,16,5,370,239,130,1026
1,15,2019,15,0,3,missing,,Avenida João Paulo II,31,39,7,10,8,2,1026
1,15,2019,16,0,3,missing,,N14 Bosch,28,45,17,110,59,50,1027
1,15,2019,16,0,3,missing,,Avenida Padre Júlio Fragata,52,60,8,25,20,4,1027
1,15,2019,16,0,3,missing,,Rua Nova Santa Cruz,19,28,9,167,108,58,1027
1,15,2019,16,0,3,missing,,Rua Costa Gomes,29,40,10,57,42,15,1027
1,15,2019,16,0,3,missing,,Avenida da Liberdade,21,22,0,29,27,1,1027
1,15,2019,16,0,3,missing,,Rua de Caires,24,31,7,52,25,26,1027
1,15,2019,16,0,3,missing,,Avenida Central,11,16,5,389,261,128,1027
1,15,2019,16,0,3,missing,,Avenida João Paulo II,29,39,10,11,8,3,1027
1,15,2019,17,0,3,missing,,N14 Bosch,26,46,20,108,59,49,1028
1,15,2019,17,0,3,missing,,Avenida Padre Júlio Fragata,44,60,16,29,20,8,1028
1,15,2019,17,0,3,missing,,Rua Nova Santa Cruz,17,28,10,176,108,67,1028
1,15,2019,17,0,3,missing,,Rua Costa Gomes,23,39,16,71,42,29,1028
1,15,2019,17,0,3,missing,,Avenida da Liberdade,19,22,3,33,27,6,1028
1,15,2019,17,0,3,missing,,Rua de Caires,23,31,8,41,25,16,1028
1,15,2019,17,0,3,missing,,Avenida Central,11,17,6,398,254,144,1028
1,15,2019,17,0,3,missing,,Avenida João Paulo II,27,39,11,12,8,4,1028
1,15,2019,18,0,3,missing,,N14 Bosch,15,46,30,180,59,121,1029
1,15,2019,18,0,3,missing,,Avenida Padre Júlio Fragata,29,60,31,47,20,27,1029
1,15,2019,18,0,3,missing,,Rua Nova Santa Cruz,10,28,18,343,109,234,1029
1,15,2019,18,0,3,missing,,Rua Costa Gomes,18,40,21,105,42,63,1029
1,15,2019,18,0,3,missing,,Avenida da Liberdade,17,22,5,36,27,9,1029
1,15,2019,18,0,3,missing,,Rua de Caires,21,31,9,43,25,17,1029
1,15,2019,18,0,3,missing,,Avenida Central,7,17,9,589,251,337,1029
1,15,2019,18,0,3,missing,,Avenida João Paulo II,22,39,17,21,8,13,1029
1,16,2019,7,0,4,missing,,N14 Bosch,46,46,0,59,59,0,1030
1,16,2019,7,0,4,missing,,Avenida Padre Júlio Fragata,60,60,0,20,20,0,1030
1,16,2019,7,0,4,missing,,Rua Nova Santa Cruz,28,28,0,109,109,0,1030
1,16,2019,7,0,4,missing,,Rua Costa Gomes,40,40,0,42,42,0,1030
1,16,2019,7,0,4,missing,,Avenida da Liberdade,22,22,0,29,29,0,1030
1,16,2019,7,0,4,missing,,Rua de Caires,29,29,0,22,22,0,1030
1,16,2019,7,0,4,missing,,Avenida Central,17,17,0,274,274,0,1030
1,16,2019,7,0,4,missing,,Avenida João Paulo II,39,39,0,8,8,0,1030
1,23,2019,7,0,4,missing,,N14 Bosch,46,46,0,59,59,0,1031
1,23,2019,7,0,4,missing,,Avenida Padre Júlio Fragata,60,60,0,20,20,0,1031
1,23,2019,7,0,4,missing,,Rua Nova Santa Cruz,28,28,0,109,109,0,1031
1,23,2019,7,0,4,missing,,Rua Costa Gomes,40,40,0,42,42,0,1031
1,23,2019,7,0,4,missing,,Avenida da Liberdade,22,22,0,29,29,0,1031
1,23,2019,7,0,4,missing,,Rua de Caires,29,29,0,22,22,0,1031
1,23,2019,7,0,4,missing,,Avenida Central,17,17,0,274,274,0,1031
1,23,2019,7,0,4,missing,,Avenida João Paulo II,39,39,0,8,8,0,1031
1,24,2019,17,0,5,missing,,N14 Bosch,21,46,24,134,59,75,1032
1,24,2019,17,0,5,missing,,Avenida Padre Júlio Fragata,49,61,11,27,20,6,1032
1,24,2019,17,0,5,missing,,Rua Nova Santa Cruz,18,28,9,170,109,61,1032
1,24,2019,17,0,5,missing,,Rua Costa Gomes,25,40,14,69,42,26,1032
1,24,2019,17,0,5,missing,,Avenida da Liberdade,19,22,2,33,29,4,1032
1,24,2019,17,0,5,missing,,Rua de Caires,23,30,6,33,22,11,1032
1,24,2019,17,0,5,missing,,Avenida Central,11,17,6,432,265,166,1032
1,24,2019,17,0,5,missing,,Avenida João Paulo II,27,39,12,12,8,4,1032
2,4,2019,0,0,2,missing,,N14 Bosch,46,46,0,56,56,0,1033
2,4,2019,0,0,2,missing,,Avenida Padre Júlio Fragata,61,61,0,20,20,0,1033
2,4,2019,0,0,2,missing,,Rua Nova Santa Cruz,28,28,0,108,108,0,1033
2,4,2019,0,0,2,missing,,Rua Costa Gomes,40,40,0,42,42,0,1033
2,4,2019,0,0,2,missing,,Avenida da Liberdade,22,22,0,24,24,0,1033
2,4,2019,0,0,2,missing,,Rua de Caires,28,31,2,27,21,5,1033
2,4,2019,0,0,2,missing,,Avenida Central,16,16,0,244,244,0,1033
2,4,2019,0,0,2,missing,,Avenida João Paulo II,39,39,0,8,8,0,1033
2,6,2019,4,0,4,missing,,N14 Bosch,46,46,0,56,56,0,1034
2,6,2019,4,0,4,missing,,Avenida Padre Júlio Fragata,61,61,0,20,20,0,1034
2,6,2019,4,0,4,missing,,Rua Nova Santa Cruz,28,28,0,108,108,0,1034
2,6,2019,4,0,4,missing,,Rua Costa Gomes,40,40,0,42,42,0,1034
2,6,2019,4,0,4,missing,,Avenida da Liberdade,22,22,0,26,26,0,1034
2,6,2019,4,0,4,missing,,Rua de Caires,31,31,0,26,26,0,1034
2,6,2019,4,0,4,missing,,Avenida Central,16,16,0,244,244,0,1034
2,6,2019,4,0,4,missing,,Avenida João Paulo II,37,38,1,8,8,0,1034
2,6,2019,5,0,4,missing,,N14 Bosch,46,46,0,56,56,0,1035
2,6,2019,5,0,4,missing,,Avenida Padre Júlio Fragata,61,61,0,20,20,0,1035
2,6,2019,5,0,4,missing,,Rua Nova Santa Cruz,28,28,0,108,108,0,1035
2,6,2019,5,0,4,missing,,Rua Costa Gomes,40,40,0,42,42,0,1035
2,6,2019,5,0,4,missing,,Avenida da Liberdade,22,22,0,26,26,0,1035
2,6,2019,5,0,4,missing,,Rua de Caires,31,31,0,26,26,0,1035
2,6,2019,5,0,4,missing,,Avenida Central,16,16,0,244,244,0,1035
2,6,2019,5,0,4,missing,,Avenida João Paulo II,38,38,0,8,8,0,1035
2,6,2019,6,0,4,missing,,N14 Bosch,46,46,0,56,56,0,1036
2,6,2019,6,0,4,missing,,Avenida Padre Júlio Fragata,61,61,0,20,20,0,1036
2,6,2019,6,0,4,missing,,Rua Nova Santa Cruz,28,28,0,108,108,0,1036
2,6,2019,6,0,4,missing,,Rua Costa Gomes,40,40,0,42,42,0,1036
2,6,2019,6,0,4,missing,,Avenida da Liberdade,22,22,0,26,26,0,1036
2,6,2019,6,0,4,missing,,Rua de Caires,29,31,2,29,26,3,1036
2,6,2019,6,0,4,missing,,Avenida Central,16,16,0,244,244,0,1036
2,6,2019,6,0,4,missing,,Avenida João Paulo II,38,38,0,8,8,0,1036
2,13,2019,8,0,4,missing,,N14 Bosch,38,46,7,68,56,12,1037
2,13,2019,8,0,4,missing,,Avenida Padre Júlio Fragata,61,61,0,20,20,0,1037
2,13,2019,8,0,4,missing,,Rua Nova Santa Cruz,27,28,1,114,108,6,1037
2,13,2019,8,0,4,missing,,Rua Costa Gomes,35,39,4,49,42,6,1037
2,13,2019,8,0,4,missing,,Avenida da Liberdade,22,22,0,25,25,0,1037
2,13,2019,8,0,4,missing,,Rua de Caires,24,31,6,34,26,8,1037
2,13,2019,8,0,4,missing,,Avenida Central,15,16,0,254,242,11,1037
2,13,2019,8,0,4,missing,,Avenida João Paulo II,38,38,0,8,8,0,1037
2,14,2019,13,0,5,missing,,N14 Bosch,27,46,18,95,56,39,1038
2,14,2019,13,0,5,missing,,Avenida Padre Júlio Fragata,49,60,11,27,20,6,1038
2,14,2019,13,0,5,missing,,Rua Nova Santa Cruz,25,28,3,122,107,14,1038
2,14,2019,13,0,5,missing,,Rua Costa Gomes,31,40,8,57,42,14,1038
2,14,2019,13,0,5,missing,,Avenida da Liberdade,22,22,0,26,26,0,1038
2,14,2019,13,0,5,missing,,Rua de Caires,24,30,6,30,22,8,1038
2,14,2019,13,0,5,missing,,Avenida Central,12,17,4,345,254,91,1038
2,14,2019,13,0,5,missing,,Avenida João Paulo II,38,39,1,8,8,0,1038
2,15,2019,1,0,6,missing,,N14 Bosch,46,46,0,74,74,0,1039
2,15,2019,1,0,6,missing,,Avenida Padre Júlio Fragata,60,60,0,21,21,0,1039
2,15,2019,1,0,6,missing,,Rua Nova Santa Cruz,28,28,0,115,115,0,1039
2,15,2019,1,0,6,missing,,Rua Costa Gomes,40,40,0,42,42,0,1039
2,15,2019,1,0,6,missing,,Avenida da Liberdade,22,22,0,30,30,0,1039
2,15,2019,1,0,6,missing,,Rua de Caires,34,34,0,37,37,0,1039
2,15,2019,1,0,6,missing,,Avenida Central,17,17,0,284,284,0,1039
2,15,2019,1,0,6,missing,,Avenida João Paulo II,40,40,0,8,8,0,1039
2,20,2019,13,0,4,missing,,N14 Bosch,25,46,21,111,56,54,1040
2,20,2019,13,0,4,missing,,Avenida Padre Júlio Fragata,58,61,3,22,20,1,1040
2,20,2019,13,0,4,missing,,Rua Nova Santa Cruz,20,28,8,164,106,58,1040
2,20,2019,13,0,4,missing,,Rua Costa Gomes,35,40,5,49,42,7,1040
2,20,2019,13,0,4,missing,,Avenida da Liberdade,22,22,0,25,25,0,1040
2,20,2019,13,0,4,missing,,Rua de Caires,22,31,9,41,26,15,1040
2,20,2019,13,0,4,missing,,Avenida Central,13,16,2,302,239,62,1040
2,20,2019,13,0,4,missing,,Avenida João Paulo II,35,38,3,9,8,1,1040
2,21,2019,15,0,5,missing,,N14 Bosch,29,46,16,95,56,38,1041
2,21,2019,15,0,5,missing,,Avenida Padre Júlio Fragata,50,61,10,26,20,5,1041
2,21,2019,15,0,5,missing,,Rua Nova Santa Cruz,20,28,8,153,108,45,1041
2,21,2019,15,0,5,missing,,Rua Costa Gomes,30,40,9,56,42,14,1041
2,21,2019,15,0,5,missing,,Avenida da Liberdade,20,22,2,30,26,4,1041
2,21,2019,15,0,5,missing,,Rua de Caires,25,30,5,28,22,6,1041
2,21,2019,15,0,5,missing,,Avenida Central,12,16,4,377,256,120,1041
2,21,2019,15,0,5,missing,,Avenida João Paulo II,34,38,4,9,8,1,1041
2,22,2019,15,0,6,missing,,N14 Bosch,21,46,24,121,53,68,1042
2,22,2019,15,0,6,missing,,Avenida Padre Júlio Fragata,46,60,14,28,20,7,1042
2,22,2019,15,0,6,missing,,Rua Nova Santa Cruz,18,28,10,169,106,62,1042
2,22,2019,15,0,6,missing,,Rua Costa Gomes,25,40,14,68,42,26,1042
2,22,2019,15,0,6,missing,,Avenida da Liberdade,20,22,2,28,25,3,1042
2,22,2019,15,0,6,missing,,Rua de Caires,28,30,2,26,22,3,1042
2,22,2019,15,0,6,missing,,Avenida Central,10,16,5,376,244,132,1042
2,22,2019,15,0,6,missing,,Avenida João Paulo II,30,39,8,15,8,7,1042
